Halts,Listing
"Oct 18, 2021IIROC Trading Resumption - VMY.H",VMY.H
"Oct 18, 2021IIROC Trading Resumption - ANKH.P",ANKH.P
"Oct 18, 2021IIROC Trading Resumption - TVI",TVI
"Oct 18, 2021IIROC Trading Halt - TVI",TVI
"Oct 18, 2021IIROC Trading Resumption - ENDR",ENDR
"Oct 18, 2021IIROC Trading Resumption - SLK.H",SLK.H
"Oct 18, 2021IIROC Trading Halt - ENDR",ENDR
"Oct 18, 2021IIROC Trading Halt - SLK.H",SLK.H
"Oct 15, 2021IIROC Trading Resumption - SB",SB
"Oct 15, 2021IIROC Trading Halt - SB",SB
"Oct 15, 2021IIROC Trade Resumption - PWF.PF.A",PWF.PF.A
"Oct 15, 2021IIROC Trading Halt - PWF.PF.A",PWF.PF.A
"Oct 15, 2021IIROC Trade Resumption - AFN",AFN
"Oct 15, 2021IIROC Trading Halt - ANKH.P",ANKH.P
"Oct 14, 2021IIROC Trading Resumption - CHS",CHS
"Oct 14, 2021IIROC Trading Halt - AFN",AFN
"Oct 14, 2021IIROC Trading Resumption - NPR",NPR
"Oct 14, 2021IIROC Trading Resumption - VXL",VXL
"Oct 14, 2021IIROC Trading Halt - VXL",VXL
"Oct 14, 2021IIROC Trading Resumption - BABY",BABY
"Oct 14, 2021IIROC Trading Resumption - ADY",ADY
"Oct 14, 2021IIROC Trading Halt - ADY",ADY
"Oct 14, 2021IIROC Trading Resumption - GSPR",GSPR
"Oct 14, 2021IIROC Trading Halt - NPR",NPR
"Oct 13, 2021IIROC Trade Resumption - ATZ",ATZ
